InvoiceNo,StockCode,Description,Quantity,InvoiceDate,UnitPrice,CustomerID,Country
536365,85123A,WHITE HANGING HEART T-LIGHT HOLDER,6,2010/12/1 8:26,2.55,17850,United Kingdom
536365,71053,WHITE METAL LANTERN,6,2010/12/1 8:26,3.39,17850,United Kingdom
536365,84406B,CREAM CUPID HEARTS COAT HANGER,8,2010/12/1 8:26,2.75,17850,United Kingdom
536365,84029G,KNITTED UNION FLAG HOT WATER BOTTLE,6,2010/12/1 8:26,3.39,17850,United Kingdom
536365,84029E,RED WOOLLY HOTTIE WHITE HEART.,6,2010/12/1 8:26,3.39,17850,United Kingdom
536365,22752,SET 7 BABUSHKA NESTING BOXES,2,2010/12/1 8:26,7.65,17850,United Kingdom
536365,21730,GLASS STAR FROSTED T-LIGHT HOLDER,6,2010/12/1 8:26,4.25,17850,United Kingdom
536370,22728,ALARM CLOCK BAKELIKE PINK,24,2010/12/1 8:45,3.75,12583,France
536370,22727,ALARM CLOCK BAKELIKE RED ,24,2010/12/1 8:45,3.75,12583,France
536370,22726,ALARM CLOCK BAKELIKE GREEN,12,2010/12/1 8:45,3.75,12583,France
536370,21724,PANDA AND BUNNIES STICKER SHEET,12,2010/12/1 8:45,0.85,12583,France
536370,21883,STARS GIFT TAPE ,24,2010/12/1 8:45,0.65,12583,France
536370,10002,INFLATABLE POLITICAL GLOBE ,48,2010/12/1 8:45,0.85,12583,France
536370,21791,VINTAGE HEADS AND TAILS CARD GAME ,24,2010/12/1 8:45,1.25,12583,France
536370,21035,SET/2 RED RETROSPOT TEA TOWELS ,18,2010/12/1 8:45,2.95,12583,France
536370,22326,ROUND SNACK BOXES SET OF4 WOODLAND ,24,2010/12/1 8:45,2.95,12583,France
536370,22629,SPACEBOY LUNCH BOX ,24,2010/12/1 8:45,1.95,12583,France
536370,22659,LUNCH BOX I LOVE LONDON,24,2010/12/1 8:45,1.95,12583,France
536370,22631,CIRCUS PARADE LUNCH BOX ,24,2010/12/1 8:45,1.95,12583,France
536370,22661,CHARLOTTE BAG DOLLY GIRL DESIGN,20,2010/12/1 8:45,0.85,12583,France
536382,22783,SET 3 WICKER OVAL BASKETS W LIDS,4,2010/12/1 9:45,16.95,16098,United Kingdom
C536383,35004C,SET OF 3 COLOURED  FLYING DUCKS,-1,2010/12/1 9:49,4.65,15311,United Kingdom
536384,82484,WOOD BLACK BOARD ANT WHITE FINISH,3,2010/12/1 9:53,6.45,18074,United Kingdom
536384,84755,COLOUR GLASS T-LIGHT HOLDER HANGING,48,2010/12/1 9:53,0.65,18074,United Kingdom
536382,22783,SET 3 WICKER OVAL BASKETS W LIDS,4,2010/12/1 9:45,16.95,16098,United Kingdom
C536383,35004C,SET OF 3 COLOURED  FLYING DUCKS,-1,2010/12/1 9:49,4.65,15311,United Kingdom
536384,82484,WOOD BLACK BOARD ANT WHITE FINISH,3,2010/12/1 9:53,6.45,18074,United Kingdom
536384,84755,COLOUR GLASS T-LIGHT HOLDER HANGING,48,2010/12/1 9:53,0.65,18074,United Kingdom
536389,35004G,SET OF 3 GOLD FLYING DUCKS,4,2010/12/1 10:03,6.35,12431,Australia
536389,85014B,RED RETROSPOT UMBRELLA,6,2010/12/1 10:03,5.95,12431,Australia
536389,85014A,BLACK/BLUE POLKADOT UMBRELLA,3,2010/12/1 10:03,5.95,12431,Australia
536527,84945,MULTI COLOUR SILVER T-LIGHT HOLDER,12,2010/12/1 13:04,0.85,12662,Germany
536527,22242,5 HOOK HANGER MAGIC TOADSTOOL,12,2010/12/1 13:04,1.65,12662,Germany
536527,22244,3 HOOK HANGER MAGIC GARDEN,12,2010/12/1 13:04,1.95,12662,Germany
536527,22243,5 HOOK HANGER RED MAGIC TOADSTOOL,12,2010/12/1 13:04,1.65,12662,Germany
536527,47421,ASSORTED COLOUR LIZARD SUCTION HOOK,24,2010/12/1 13:04,0.42,12662,Germany
536527,20712,JUMBO BAG WOODLAND ANIMALS,10,2010/12/1 13:04,1.95,12662,Germany
536533,22680,FRENCH BLUE METAL DOOR SIGN 5,20,2010/12/1 13:31,1.25,16955,United Kingdom
536533,22797,CHEST OF DRAWERS GINGHAM HEART ,3,2010/12/1 13:31,16.95,16955,United Kingdom
536533,21843,RED RETROSPOT CAKE STAND,1,2010/12/1 13:31,10.95,16955,United Kingdom
536534,22866,HAND WARMER SCOTTY DOG DESIGN,12,2010/12/1 13:33,2.1,15350,United Kingdom
536534,22834,HAND WARMER BABUSHKA DESIGN,12,2010/12/1 13:33,2.1,15350,United Kingdom
536544,21786,POLKADOT RAIN HAT ,4,2010/12/1 14:32,0.85,,United Kingdom
536544,21787,RAIN PONCHO RETROSPOT,2,2010/12/1 14:32,1.66,,United Kingdom
536544,21790,VINTAGE SNAP CARDS,9,2010/12/1 14:32,1.66,,United Kingdom
536544,21791,VINTAGE HEADS AND TAILS CARD GAME ,2,2010/12/1 14:32,2.51,,United Kingdom
536544,21801,CHRISTMAS TREE DECORATION WITH BELL,10,2010/12/1 14:32,0.43,,United Kingdom
536544,21802,CHRISTMAS TREE HEART DECORATION,9,2010/12/1 14:32,0.43,,United Kingdom
536591,21484,CHICK GREY HOT WATER BOTTLE,2,2010/12/1 16:58,3.45,14606,United Kingdom
536591,22357,KINGS CHOICE BISCUIT TIN,1,2010/12/1 16:58,4.25,14606,United Kingdom
536591,21985,PACK OF 12 HEARTS DESIGN TISSUES ,4,2010/12/1 16:58,0.29,14606,United Kingdom
536592,10135,COLOURING PENCILS BROWN TUBE,1,2010/12/1 17:06,2.51,,United Kingdom
536592,16168M,FUNKY MONKEY GIFT BAG MEDIUM,2,2010/12/1 17:06,0.85,,United Kingdom
536592,16236,KITTY PENCIL ERASERS,1,2010/12/1 17:06,0.43,,United Kingdom
536592,16237,SLEEPING CAT ERASERS,6,2010/12/1 17:06,0.43,,United Kingdom
536595,22524,CHILDRENS GARDEN GLOVES BLUE,1,2010/12/1 17:24,1.25,13576,United Kingdom
536595,20765,CHRYSANTHEMUM SKETCHBOOK ,2,2010/12/1 17:24,3.75,13576,United Kingdom
536596,21624,VINTAGE UNION JACK DOORSTOP,1,2010/12/1 17:29,5.95,,United Kingdom
536621,21791,VINTAGE HEADS AND TAILS CARD GAME ,36,2010/12/2 10:35,1.25,13108,United Kingdom
536621,22491,PACK OF 12 COLOURED PENCILS,24,2010/12/2 10:35,0.85,13108,United Kingdom
C536622,22752,SET 7 BABUSHKA NESTING BOXES,-2,2010/12/2 10:37,8.5,12471,Germany
536623,21355,TOAST ITS - I LOVE YOU ,24,2010/12/2 10:39,1.25,15601,United Kingdom
536623,21756,BATH BUILDING BLOCK WORD,6,2010/12/2 10:39,5.95,15601,United Kingdom
536876,75049L,LARGE CIRCULAR MIRROR MOBILE,1,2010/12/3 11:36,2.51,,United Kingdom
536876,75131,METAL TUBE CHIME ON BAMBOO,1,2010/12/3 11:36,3.36,,United Kingdom
536876,79000,MOROCCAN TEA GLASS,9,2010/12/3 11:36,1.69,,United Kingdom
536876,79191B,RETRO PLASTIC POLKA TRAY,1,2010/12/3 11:36,1.66,,United Kingdom
536876,82001S,VINYL RECORD FRAME SILVER,1,2010/12/3 11:36,7.62,,United Kingdom
536876,82482,WOODEN PICTURE FRAME WHITE FINISH,1,2010/12/3 11:36,5.06,,United Kingdom
537041,22193,RED DINER WALL CLOCK,1,2010/12/5 10:36,8.5,16033,United Kingdom
537041,35810B,ENAMEL BLUE RIM COFFEE CONTAINER,1,2010/12/5 10:36,2.1,16033,United Kingdom
537041,35241,ENAMEL BLUE RIM BISCUIT BIN,1,2010/12/5 10:36,4.95,16033,United Kingdom
537042,22969,HOMEMADE JAM SCENTED CANDLES,12,2010/12/5 10:45,1.45,13838,United Kingdom
537042,21756,BATH BUILDING BLOCK WORD,2,2010/12/5 10:45,5.95,13838,United Kingdom
537042,21260,FIRST AID TIN,1,2010/12/5 10:45,3.25,13838,United Kingdom
537237,22920,HERB MARKER BASIL,1,2010/12/6 9:58,1.66,,United Kingdom
537237,22921,HERB MARKER CHIVES ,1,2010/12/6 9:58,1.66,,United Kingdom
537237,22924,FRIDGE MAGNETS LA VIE EN ROSE,1,2010/12/6 9:58,11.02,,United Kingdom
537237,22940,FELTCRAFT CHRISTMAS FAIRY,2,2010/12/6 9:58,8.47,,United Kingdom
537237,22941,CHRISTMAS LIGHTS 10 REINDEER,1,2010/12/6 9:58,16.98,,United Kingdom
537237,22945,CHRISTMAS METAL TAGS ASSORTED ,3,2010/12/6 9:58,11.02,,United Kingdom
537237,22949,36 DOILIES DOLLY GIRL,1,2010/12/6 9:58,2.98,,United Kingdom
537237,22951,60 CAKE CASES DOLLY GIRL DESIGN,1,2010/12/6 9:58,1.28,,United Kingdom
C537251,22564,ALPHABET STENCIL CRAFT,-5,2010/12/6 10:45,1.25,,United Kingdom
C537251,21891,TRADITIONAL WOODEN SKIPPING ROPE,-3,2010/12/6 10:45,1.25,,United Kingdom
C537251,22747,POPPY'S PLAYHOUSE BATHROOM,-6,2010/12/6 10:45,2.1,,United Kingdom
C537251,22454,MEASURING TAPE BABUSHKA RED,-8,2010/12/6 10:45,2.95,,United Kingdom
C537530,21527,RED RETROSPOT TRADITIONAL TEAPOT ,-1,2010/12/7 11:47,7.95,13319,United Kingdom
C537530,85047,WHITE BEADED GARLAND STRING 20LIGHT,-2,2010/12/7 11:47,6.35,13319,United Kingdom
C537530,22726,ALARM CLOCK BAKELIKE GREEN,-2,2010/12/7 11:47,3.75,13319,United Kingdom
537534,85064,CREAM SWEETHEART LETTER RACK,1,2010/12/7 11:48,0,,United Kingdom
537534,84832,ZINC WILLIE WINKIE  CANDLE STICK,1,2010/12/7 11:48,0,,United Kingdom
537534,84692,BOX OF 24 COCKTAIL PARASOLS,2,2010/12/7 11:48,0,,United Kingdom
C537602,22654,DELUXE SEWING KIT ,-1,2010/12/7 12:45,4.95,17511,United Kingdom
C537602,85123A,WHITE HANGING HEART T-LIGHT HOLDER,-1,2010/12/7 12:45,2.55,17511,United Kingdom
537603,22178,VICTORIAN GLASS HANGING T-LIGHT,24,2010/12/7 12:49,1.25,14673,United Kingdom
537603,85062,PEARL CRYSTAL PUMPKIN T-LIGHT HLDR,24,2010/12/7 12:49,1.65,14673,United Kingdom
537603,21651,HANGING GLASS ETCHED TEALIGHT,12,2010/12/7 12:49,1.65,14673,United Kingdom
537773,20726,LUNCH BAG WOODLAND,2,2010/12/8 12:36,1.65,16016,United Kingdom
537773,15056N,EDWARDIAN PARASOL NATURAL,2,2010/12/8 12:36,5.95,16016,United Kingdom
537773,22926,IVORY GIANT GARDEN THERMOMETER,1,2010/12/8 12:36,5.95,16016,United Kingdom
537773,22469,HEART OF WICKER SMALL,4,2010/12/8 12:36,1.65,16016,United Kingdom
537773,21991,BOHEMIAN COLLAGE STATIONERY SET,1,2010/12/8 12:36,2.95,16016,United Kingdom
537823,84375,SET OF 20 KIDS COOKIE CUTTERS,1,2010/12/8 14:25,4.21,,United Kingdom
537823,84378,SET OF 3 HEART COOKIE CUTTERS,2,2010/12/8 14:25,2.51,,United Kingdom
537823,84380,SET OF 3 BUTTERFLY COOKIE CUTTERS,2,2010/12/8 14:25,2.51,,United Kingdom
537823,84459A,PINK METAL CHICKEN HEART ,1,2010/12/8 14:25,3.36,,United Kingdom
537823,84508C,BLUE CIRCLES DESIGN TEDDY,1,2010/12/8 14:25,5.06,,United Kingdom
537891,22937,BAKING MOULD CHOCOLATE CUP CAKES,6,2010/12/9 10:05,2.55,13319,United Kingdom
537891,22931,BAKING MOULD HEART WHITE CHOCOLATE,6,2010/12/9 10:05,2.55,13319,United Kingdom
537891,22930,BAKING MOULD HEART MILK CHOCOLATE,6,2010/12/9 10:05,2.55,13319,United Kingdom
537892,POST,POSTAGE,1,2010/12/9 10:13,18,12481,Germany
537892,22468,BABUSHKA LIGHTS STRING OF 10,2,2010/12/9 10:13,6.75,12481,Germany
537892,22636,CHILDS BREAKFAST SET CIRCUS PARADE,2,2010/12/9 10:13,8.5,12481,Germany
537892,21918,SET 12 KIDS COLOUR  CHALK STICKS,24,2010/12/9 10:13,0.42,12481,Germany
537901,20749,ASSORTED COLOUR MINI CASES,12,2010/12/9 10:48,6.35,13854,United Kingdom
537901,22469,HEART OF WICKER SMALL,40,2010/12/9 10:48,1.45,13854,United Kingdom
537915,21891,TRADITIONAL WOODEN SKIPPING ROPE,12,2010/12/9 10:55,1.25,12797,Portugal
537915,21892,TRADITIONAL WOODEN CATCH CUP GAME ,12,2010/12/9 10:55,1.25,12797,Portugal
537915,22623,BOX OF VINTAGE JIGSAW BLOCKS ,3,2010/12/9 10:55,4.95,12797,Portugal
537915,22622,BOX OF VINTAGE ALPHABET BLOCKS,2,2010/12/9 10:55,9.95,12797,Portugal
537967,21843,RED RETROSPOT CAKE STAND,2,2010/12/9 11:31,10.95,12494,France
537967,22667,RECIPE BOX RETROSPOT ,6,2010/12/9 11:31,2.95,12494,France
537981,22536,MAGIC DRAWING SLATE PURDEY,400,2010/12/9 11:35,0.36,17857,United Kingdom
537981,21190,PINK HEARTS PAPER GARLAND,110,2010/12/9 11:35,1.45,17857,United Kingdom
537995,22173,METAL 4 HOOK HANGER FRENCH CHATEAU,8,2010/12/9 11:39,2.95,12712,Germany
537999,22034,,-223,2010/12/9 11:44,0,,United Kingdom
538002,22688,DOORMAT PEACE ON EARTH BLUE,2,2010/12/9 11:48,7.95,14932,Channel Islands
538002,48138,DOORMAT UNION FLAG,2,2010/12/9 11:48,7.95,14932,Channel Islands
538002,C2,CARRIAGE,1,2010/12/9 11:48,50,14932,Channel Islands
538003,22847,BREAD BIN DINER STYLE IVORY,8,2010/12/9 12:05,14.95,12429,Denmark
538003,22779,WOODEN OWLS LIGHT GARLAND ,48,2010/12/9 12:05,3.75,12429,Denmark
538008,21122,SET/10 PINK POLKADOT PARTY CANDLES,24,2010/12/9 12:17,1.25,12683,France
538008,POST,POSTAGE,5,2010/12/9 12:17,18,12683,France
538009,22112,CHOCOLATE HOT WATER BOTTLE,6,2010/12/9 12:17,4.95,14911,EIRE
538009,22835,HOT WATER BOTTLE I AM SO POORLY,4,2010/12/9 12:17,4.65,14911,EIRE
538009,22114,HOT WATER BOTTLE TEA AND SYMPATHY,8,2010/12/9 12:17,3.95,14911,EIRE
538349,22589,CARDHOLDER GINGHAM STAR,1,2010/12/10 14:59,5.06,,United Kingdom
538349,22592,CARDHOLDER HOLLY WREATH METAL,1,2010/12/10 14:59,7.62,,United Kingdom
538349,22594,CHRISTMAS GINGHAM TREE,2,2010/12/10 14:59,1.66,,United Kingdom
538349,22595,CHRISTMAS GINGHAM HEART,2,2010/12/10 14:59,1.66,,United Kingdom
538397,21507,"ELEPHANT, BIRTHDAY CARD, ",72,2010/12/12 11:44,0.36,12753,Japan
538397,22025,RING OF ROSES BIRTHDAY CARD,72,2010/12/12 11:44,0.36,12753,Japan
538397,22028,PENNY FARTHING BIRTHDAY CARD,72,2010/12/12 11:44,0.36,12753,Japan
538397,22718,CARD CAT AND TREE ,72,2010/12/12 11:44,0.36,12753,Japan
538566,22739,RIBBON REEL CHRISTMAS SOCK BAUBLE,1,2010/12/13 11:21,3.36,,United Kingdom
538566,22740,POLKADOT PEN,3,2010/12/13 11:21,1.66,,United Kingdom
538566,22743,MAKE YOUR OWN FLOWERPOWER CARD KIT,1,2010/12/13 11:21,5.91,,United Kingdom
538566,22745,POPPY'S PLAYHOUSE BEDROOM ,1,2010/12/13 11:21,4.21,,United Kingdom
538566,22748,POPPY'S PLAYHOUSE KITCHEN,1,2010/12/13 11:21,4.21,,United Kingdom
538566,22751,FELTCRAFT PRINCESS OLIVIA DOLL,1,2010/12/13 11:21,7.62,,United Kingdom
538714,22077,6 RIBBONS RUSTIC CHARM,4,2010/12/14 11:01,1.65,14524,United Kingdom
538714,85049D,BRIGHT BLUES RIBBONS ,4,2010/12/14 11:01,1.25,14524,United Kingdom
538714,85049E,SCANDINAVIAN REDS RIBBONS,2,2010/12/14 11:01,1.25,14524,United Kingdom
538714,85049G,CHOCOLATE BOX RIBBONS ,2,2010/12/14 11:01,1.25,14524,United Kingdom
538714,21181,PLEASE ONE PERSON METAL SIGN,6,2010/12/14 11:01,2.1,14524,United Kingdom
538951,22423,REGENCY CAKESTAND 3 TIER,3,2010/12/15 11:26,12.75,16782,United Kingdom
538951,22428,ENAMEL FIRE BUCKET CREAM,1,2010/12/15 11:26,6.95,16782,United Kingdom
538951,22348,TEA BAG PLATE RED RETROSPOT,1,2010/12/15 11:26,0.85,16782,United Kingdom
538951,21755,LOVE BUILDING BLOCK WORD,1,2010/12/15 11:26,5.95,16782,United Kingdom
538951,21754,HOME BUILDING BLOCK WORD,1,2010/12/15 11:26,5.95,16782,United Kingdom
538951,22382,LUNCH BAG SPACEBOY DESIGN ,1,2010/12/15 11:26,1.65,16782,United Kingdom
538951,20726,LUNCH BAG WOODLAND,1,2010/12/15 11:26,1.65,16782,United Kingdom
538951,22470,HEART OF WICKER LARGE,1,2010/12/15 11:26,2.95,16782,United Kingdom
538951,21466,RED FLOWER CROCHET FOOD COVER,2,2010/12/15 11:26,3.75,16782,United Kingdom
538951,22699,ROSES REGENCY TEACUP AND SAUCER ,3,2010/12/15 11:26,2.95,16782,United Kingdom
539118,22555,PLASTERS IN TIN STRONGMAN,5,2010/12/16 11:27,1.65,15563,United Kingdom
539118,21495,SKULLS AND CROSSBONES WRAP,25,2010/12/16 11:27,0.42,15563,United Kingdom
539118,22049,WRAP CHRISTMAS SCREEN PRINT,25,2010/12/16 11:27,0.42,15563,United Kingdom
539118,21830,ASSORTED CREEPY CRAWLIES,24,2010/12/16 11:27,0.42,15563,United Kingdom
539118,84077,WORLD WAR 2 GLIDERS ASSTD DESIGNS,48,2010/12/16 11:27,0.29,15563,United Kingdom
539118,22970,LONDON BUS COFFEE MUG,6,2010/12/16 11:27,2.55,15563,United Kingdom
539118,22971,QUEENS GUARD COFFEE MUG,6,2010/12/16 11:27,2.55,15563,United Kingdom
539118,22748,POPPY'S PLAYHOUSE KITCHEN,3,2010/12/16 11:27,2.1,15563,United Kingdom
539374,22624,IVORY KITCHEN SCALES,2,2010/12/17 11:40,8.5,14769,United Kingdom
539374,22558,CLOTHES PEGS RETROSPOT PACK 24 ,12,2010/12/17 11:40,1.49,14769,United Kingdom
539374,21908,CHOCOLATE THIS WAY METAL SIGN,12,2010/12/17 11:40,2.1,14769,United Kingdom
539374,22178,VICTORIAN GLASS HANGING T-LIGHT,12,2010/12/17 11:40,1.25,14769,United Kingdom
539374,71459,HANGING JAM JAR T-LIGHT HOLDER,12,2010/12/17 11:40,0.85,14769,United Kingdom
539374,84755,COLOUR GLASS T-LIGHT HOLDER HANGING,16,2010/12/17 11:40,0.65,14769,United Kingdom
539374,22862,LOVE HEART NAPKIN BOX ,4,2010/12/17 11:40,4.25,14769,United Kingdom
539374,22795,SWEETHEART RECIPE BOOK STAND,2,2010/12/17 11:40,6.75,14769,United Kingdom
539374,82484,WOOD BLACK BOARD ANT WHITE FINISH,3,2010/12/17 11:40,6.45,14769,United Kingdom
539374,82486,WOOD S/3 CABINET ANT WHITE FINISH,2,2010/12/17 11:40,7.95,14769,United Kingdom
539468,82483,WOOD 2 DRAWER CABINET WHITE FINISH,10,2010/12/19 13:31,5.95,15044,United Kingdom
539468,82486,WOOD S/3 CABINET ANT WHITE FINISH,8,2010/12/19 13:31,7.95,15044,United Kingdom
539468,82482,WOODEN PICTURE FRAME WHITE FINISH,12,2010/12/19 13:31,2.55,15044,United Kingdom
539468,82494L,WOODEN FRAME ANTIQUE WHITE ,12,2010/12/19 13:31,2.95,15044,United Kingdom
539468,82484,WOOD BLACK BOARD ANT WHITE FINISH,6,2010/12/19 13:31,6.45,15044,United Kingdom
539469,22862,LOVE HEART NAPKIN BOX ,1,2010/12/19 13:59,4.25,17841,United Kingdom
539469,22710,WRAP I LOVE LONDON ,25,2010/12/19 13:59,0.42,17841,United Kingdom
539469,21447,12 IVORY ROSE PEG PLACE SETTINGS,1,2010/12/19 13:59,1.25,17841,United Kingdom
539469,20961,STRAWBERRY BATH SPONGE ,2,2010/12/19 13:59,1.25,17841,United Kingdom
539469,20963,APPLE BATH SPONGE,2,2010/12/19 13:59,1.25,17841,United Kingdom
539492,22083,PAPER CHAIN KIT RETROSPOT,2,2010/12/20 10:14,5.91,,United Kingdom
539492,22086,PAPER CHAIN KIT 50'S CHRISTMAS ,6,2010/12/20 10:14,5.91,,United Kingdom
539492,22091,EMPIRE TISSUE BOX,1,2010/12/20 10:14,2.51,,United Kingdom
539492,22099,CARAVAN SQUARE TISSUE BOX,1,2010/12/20 10:14,2.51,,United Kingdom
539492,22101,MIRROR MOSAIC VOTIVE HOLDER,2,2010/12/20 10:14,2.51,,United Kingdom
539492,22107,PIZZA PLATE IN BOX,1,2010/12/20 10:14,7.62,,United Kingdom
539492,22111,SCOTTIE DOG HOT WATER BOTTLE,2,2010/12/20 10:14,5.06,,United Kingdom
539492,22112,CHOCOLATE HOT WATER BOTTLE,2,2010/12/20 10:14,11.02,,United Kingdom
539492,22117,METAL SIGN HER DINNER IS SERVED ,1,2010/12/20 10:14,5.91,,United Kingdom
539492,22130,PARTY CONE CHRISTMAS DECORATION ,1,2010/12/20 10:14,8.47,,United Kingdom
539492,22131,FOOD CONTAINER SET 3 LOVE HEART ,1,2010/12/20 10:14,4.21,,United Kingdom
539492,22133,PINK LOVE HEART SHAPE CUP,3,2010/12/20 10:14,1.66,,United Kingdom
539725,21524,DOORMAT SPOTTY HOME SWEET HOME,1,2010/12/21 13:58,7.95,17211,United Kingdom
539725,48111,DOORMAT 3 SMILEY CATS,1,2010/12/21 13:58,7.95,17211,United Kingdom
539725,48138,DOORMAT UNION FLAG,1,2010/12/21 13:58,7.95,17211,United Kingdom
539725,48187,DOORMAT NEW ENGLAND,1,2010/12/21 13:58,7.95,17211,United Kingdom
539725,48188,DOORMAT WELCOME PUPPIES,1,2010/12/21 13:58,7.95,17211,United Kingdom
C539726,22791,T-LIGHT GLASS FLUTED ANTIQUE,-10,2010/12/21 14:24,1.25,17007,United Kingdom
539727,22933,BAKING MOULD EASTER EGG MILK CHOC,6,2010/12/21 14:26,2.95,12678,France
539727,22934,BAKING MOULD EASTER EGG WHITE CHOC,6,2010/12/21 14:26,2.95,12678,France
539727,22558,CLOTHES PEGS RETROSPOT PACK 24 ,12,2010/12/21 14:26,1.49,12678,France
539727,POST,POSTAGE,1,2010/12/21 14:26,18,12678,France
539728,22693,GROW A FLYTRAP OR SUNFLOWER IN TIN,24,2010/12/21 14:26,1.25,16270,United Kingdom
539837,22414,DOORMAT NEIGHBOURHOOD WITCH ,2,2010/12/22 13:48,7.95,14532,United Kingdom
C539838,22198,LARGE POPCORN HOLDER ,-10,2010/12/22 13:59,1.65,13458,United Kingdom
539839,22471,TV DINNER TRAY AIR HOSTESS ,1,2010/12/22 14:27,1.95,,United Kingdom
539839,22728,ALARM CLOCK BAKELIKE PINK,1,2010/12/22 14:27,3.75,,United Kingdom
539840,21121,SET/10 RED POLKADOT PARTY CANDLES,24,2010/12/22 14:28,1.25,12383,Belgium
539840,21122,SET/10 PINK POLKADOT PARTY CANDLES,24,2010/12/22 14:28,1.25,12383,Belgium
539840,21124,SET/10 BLUE POLKADOT PARTY CANDLES,24,2010/12/22 14:28,1.25,12383,Belgium
539840,21125,SET 6 FOOTBALL CELEBRATION CANDLES,12,2010/12/22 14:28,1.25,12383,Belgium
539840,POST,POSTAGE,3,2010/12/22 14:28,15,12383,Belgium
539856,22444,GROW YOUR OWN PLANT IN A CAN ,1,2010/12/22 14:41,0,,United Kingdom
539856,20682,RED RETROSPOT CHILDRENS UMBRELLA,2,2010/12/22 14:41,0,,United Kingdom
539865,82001S,VINYL RECORD FRAME SILVER,24,2010/12/23 9:59,3.39,15587,United Kingdom
539865,21137,BLACK RECORD COVER FRAME,48,2010/12/23 9:59,3.39,15587,United Kingdom
C539866,22636,CHILDS BREAKFAST SET CIRCUS PARADE,-2,2010/12/23 10:20,7.65,12427,Germany
539867,85123A,WHITE HANGING HEART T-LIGHT HOLDER,6,2010/12/23 10:38,2.95,13922,United Kingdom
539867,85184C,S/4 VALENTINE DECOUPAGE HEART BOX,24,2010/12/23 10:38,1.25,13922,United Kingdom
540014,21564,PINK  HEART SHAPE LOVE BUCKET ,1,2011/1/4 11:34,2.95,14606,United Kingdom
540014,85049B,LUSH GREENS RIBBONS,1,2011/1/4 11:34,1.25,14606,United Kingdom
540014,85194L,HANGING SPRING FLOWER EGG LARGE,1,2011/1/4 11:34,0.85,14606,United Kingdom
540014,85194L,HANGING SPRING FLOWER EGG LARGE,1,2011/1/4 11:34,0.85,14606,United Kingdom
540014,22153,ANGEL DECORATION STARS ON DRESS,1,2011/1/4 11:34,0.42,14606,United Kingdom
540014,21947,SET OF 6 HEART CHOPSTICKS,2,2011/1/4 11:34,1.25,14606,United Kingdom
540014,22261,FELT EGG COSY WHITE RABBIT ,2,2011/1/4 11:34,0.85,14606,United Kingdom
540014,22262,FELT EGG COSY CHICKEN,6,2011/1/4 11:34,0.85,14606,United Kingdom
540154,85202,HANGING WOOD AND FELT HEART,12,2011/1/5 11:30,0.43,,United Kingdom
540154,85203,HANGING WOOD AND FELT BUTTERFLY ,5,2011/1/5 11:30,0.43,,United Kingdom
540154,90018A,SILVER M.O.P ORBIT DROP EARRINGS,1,2011/1/5 11:30,4.24,,United Kingdom
540154,90037B,TINY CRYSTAL BRACELET GREEN,1,2011/1/5 11:30,2.54,,United Kingdom
540154,90041,PEARL AND CHERRY QUARTZ BRACLET,1,2011/1/5 11:30,3.81,,United Kingdom
540154,90042C,FRESHWATER PEARL BRACELET IVORY,1,2011/1/5 11:30,2.54,,United Kingdom
540154,90071,RUBY GLASS CLUSTER EARRINGS,2,2011/1/5 11:30,1.26,,United Kingdom
540154,90114,SUMMER DAISIES BAG CHARM,1,2011/1/5 11:30,2.51,,United Kingdom
540154,90115,SUMMER BUTTERFLIES BAG CHARM,2,2011/1/5 11:30,2.51,,United Kingdom
540278,22791,T-LIGHT GLASS FLUTED ANTIQUE,3,2011/1/6 12:31,1.25,15719,United Kingdom
540278,21080,SET/20 RED RETROSPOT PAPER NAPKINS ,3,2011/1/6 12:31,0.85,15719,United Kingdom
540278,20914,SET/5 RED RETROSPOT LID GLASS BOWLS,1,2011/1/6 12:31,2.95,15719,United Kingdom
540278,22629,SPACEBOY LUNCH BOX ,1,2011/1/6 12:31,1.95,15719,United Kingdom
540278,21479,WHITE SKULL HOT WATER BOTTLE ,2,2011/1/6 12:31,3.75,15719,United Kingdom
540278,21484,CHICK GREY HOT WATER BOTTLE,1,2011/1/6 12:31,3.45,15719,United Kingdom
540278,84030E,ENGLISH ROSE HOT WATER BOTTLE,1,2011/1/6 12:31,4.25,15719,United Kingdom
540278,21481,FAWN BLUE HOT WATER BOTTLE,2,2011/1/6 12:31,2.95,15719,United Kingdom
540418,84313B,BLUE TV TRAY TABLE ,2,2011/1/7 11:04,5.91,,United Kingdom
540418,84509G,SET OF 4 FAIRY CAKE PLACEMATS ,3,2011/1/7 11:04,3.36,,United Kingdom
540418,84569D,PACK 6 HEART/ICE-CREAM PATCHES,1,2011/1/7 11:04,0.85,,United Kingdom
540418,85152,HAND OVER THE CHOCOLATE   SIGN ,1,2011/1/7 11:04,4.21,,United Kingdom
540418,85168B,BLACK BAROQUE CARRIAGE CLOCK,1,2011/1/7 11:04,8.47,,United Kingdom
540418,85169A,IVORY LOVE BIRD CANDLE,16,2011/1/7 11:04,0.85,,United Kingdom
540418,85169B,BLACK LOVE BIRD CANDLE,4,2011/1/7 11:04,0.85,,United Kingdom
540418,85169C,EAU DE NIL LOVE BIRD CANDLE,2,2011/1/7 11:04,0.85,,United Kingdom
540511,84879,ASSORTED COLOUR BIRD ORNAMENT,8,2011/1/9 11:34,1.69,14472,United Kingdom
540511,21361,LOVE LARGE WOOD LETTERS ,1,2011/1/9 11:34,12.75,14472,United Kingdom
540511,22285,HANGING HEN ON NEST DECORATION,12,2011/1/9 11:34,1.65,14472,United Kingdom
540511,22066,LOVE HEART TRINKET POT,2,2011/1/9 11:34,1.45,14472,United Kingdom
540511,22784,LANTERN CREAM GAZEBO ,1,2011/1/9 11:34,4.95,14472,United Kingdom
540511,22784,LANTERN CREAM GAZEBO ,1,2011/1/9 11:34,4.95,14472,United Kingdom
540511,21175,GIN + TONIC DIET METAL SIGN,2,2011/1/9 11:34,2.1,14472,United Kingdom
540511,21757,LIGHTHOUSE PRINTED METAL SIGN,2,2011/1/9 11:34,4.95,14472,United Kingdom
540511,22120,WELCOME  WOODEN BLOCK LETTERS,1,2011/1/9 11:34,9.95,14472,United Kingdom
540551,22068,BLACK PIRATE TREASURE CHEST,1,2011/1/10 9:43,3.36,,United Kingdom
540551,22069,BROWN  PIRATE TREASURE CHEST ,2,2011/1/10 9:43,3.36,,United Kingdom
540551,22070,SMALL RED RETROSPOT MUG IN BOX ,1,2011/1/10 9:43,3.36,,United Kingdom
540551,22074,6 RIBBONS SHIMMERING PINKS ,9,2011/1/10 9:43,0.85,,United Kingdom
540551,22077,6 RIBBONS RUSTIC CHARM,1,2011/1/10 9:43,3.36,,United Kingdom
540551,22080,RIBBON REEL POLKADOTS ,1,2011/1/10 9:43,3.36,,United Kingdom
540551,22105,MIRROR MOSAIC GOBLET CANDLE HOLDER,1,2011/1/10 9:43,4.21,,United Kingdom
540551,22110,BIRD HOUSE HOT WATER BOTTLE,6,2011/1/10 9:43,3.36,,United Kingdom
540551,22115,METAL SIGN EMPIRE TEA,1,2011/1/10 9:43,5.91,,United Kingdom
540562,20725,LUNCH BAG RED RETROSPOT,20,2011/1/10 10:35,1.65,12524,Germany
540562,20728,LUNCH BAG CARS BLUE,10,2011/1/10 10:35,1.65,12524,Germany
540562,22383,LUNCH BAG SUKI  DESIGN ,20,2011/1/10 10:35,1.65,12524,Germany
540562,84692,BOX OF 24 COCKTAIL PARASOLS,100,2011/1/10 10:35,0.42,12524,Germany
540562,22558,CLOTHES PEGS RETROSPOT PACK 24 ,12,2011/1/10 10:35,1.49,12524,Germany
540562,POST,POSTAGE,3,2011/1/10 10:35,18,12524,Germany
540563,21258,VICTORIAN SEWING BOX LARGE,16,2011/1/10 10:35,10.95,15100,United Kingdom
540564,22617,"mouldy, thrown away.",-2600,2011/1/10 10:36,0,,United Kingdom
540565,22088,PAPER BUNTING COLOURED LACE,40,2011/1/10 10:44,2.55,16422,United Kingdom
540566,M,Manual,1,2011/1/10 10:58,6.7,17811,United Kingdom
540566,22354,RETROSPOT PADDED SEAT CUSHION,2,2011/1/10 10:58,3.75,17811,United Kingdom
540779,21703,BAG 125g SWIRLY MARBLES,12,2011/1/11 11:18,0.42,15346,United Kingdom
540779,22489,PACK OF 12 TRADITIONAL CRAYONS,24,2011/1/11 11:18,0.42,15346,United Kingdom
540779,22491,PACK OF 12 COLOURED PENCILS,12,2011/1/11 11:18,0.85,15346,United Kingdom
540779,21891,TRADITIONAL WOODEN SKIPPING ROPE,12,2011/1/11 11:18,1.25,15346,United Kingdom
540779,21314,SMALL GLASS HEART TRINKET POT,8,2011/1/11 11:18,2.1,15346,United Kingdom
540779,21485,RETROSPOT HEART HOT WATER BOTTLE,3,2011/1/11 11:18,4.95,15346,United Kingdom
540779,84884A,ANT WHITE WIRE HEART SPIRAL,5,2011/1/11 11:18,3.95,15346,United Kingdom
540779,22666,RECIPE BOX PANTRY YELLOW DESIGN,6,2011/1/11 11:18,2.95,15346,United Kingdom
540779,22621,TRADITIONAL KNITTING NANCY,12,2011/1/11 11:18,1.45,15346,United Kingdom
540779,22652,TRAVEL SEWING KIT,10,2011/1/11 11:18,1.65,15346,United Kingdom
540785,84997D,PINK 3 PIECE POLKADOT CUTLERY SET,360,2011/1/11 11:39,3.39,12557,Spain
540785,84997C,BLUE 3 PIECE POLKADOT CUTLERY SET,360,2011/1/11 11:39,3.39,12557,Spain
540785,84997A,GREEN 3 PIECE POLKADOT CUTLERY SET,144,2011/1/11 11:39,3.39,12557,Spain
C540784,84766,SILVER ROCOCO CANDLE STICK,-12,2011/1/11 11:39,1.95,13126,United Kingdom
C540786,22156,HEART DECORATION WITH PEARLS ,-3,2011/1/11 11:42,0.85,15194,United Kingdom
540943,22189,CREAM HEART CARD HOLDER,2,2011/1/12 12:31,3.95,17841,United Kingdom
540943,22188,BLACK HEART CARD HOLDER,1,2011/1/12 12:31,3.95,17841,United Kingdom
540943,21935,SUKI  SHOULDER BAG,3,2011/1/12 12:31,1.65,17841,United Kingdom
540943,21934,SKULL SHOULDER BAG,5,2011/1/12 12:31,1.65,17841,United Kingdom
540943,82001S,VINYL RECORD FRAME SILVER,2,2011/1/12 12:31,3.75,17841,United Kingdom
540943,21811,CHRISTMAS HANGING HEART WITH BELL,1,2011/1/12 12:31,1.25,17841,United Kingdom
540943,20972,PINK CREAM FELT CRAFT TRINKET BOX ,5,2011/1/12 12:31,1.25,17841,United Kingdom
540943,22654,DELUXE SEWING KIT ,1,2011/1/12 12:31,5.95,17841,United Kingdom
540943,20668,DISCO BALL CHRISTMAS DECORATION,24,2011/1/12 12:31,0.12,17841,United Kingdom
540943,21781,MA CAMPAGNE CUTLERY BOX,1,2011/1/12 12:31,14.95,17841,United Kingdom
540943,22661,CHARLOTTE BAG DOLLY GIRL DESIGN,3,2011/1/12 12:31,0.85,17841,United Kingdom
540946,82484,WOOD BLACK BOARD ANT WHITE FINISH,12,2011/1/12 12:43,5.55,12359,Cyprus
540946,22423,REGENCY CAKESTAND 3 TIER,6,2011/1/12 12:43,12.75,12359,Cyprus
540946,20704,MR ROBOT SOFT TOY,8,2011/1/12 12:43,1.95,12359,Cyprus
540946,82613B,"METAL SIGN,CUPCAKE SINGLE HOOK",20,2011/1/12 12:43,0.42,12359,Cyprus
540946,85054,FRENCH ENAMEL POT W LID,12,2011/1/12 12:43,1.25,12359,Cyprus
540946,82613C,"METAL SIGN,CUPCAKE SINGLE HOOK",20,2011/1/12 12:43,0.42,12359,Cyprus
541115,22310,IVORY KNITTED MUG COSY ,18,2011/1/13 15:34,1.65,12578,Italy
541115,84828,JUNGLE POPSICLES ICE LOLLY HOLDERS,12,2011/1/13 15:34,1.25,12578,Italy
541115,84380,SET OF 3 BUTTERFLY COOKIE CUTTERS,24,2011/1/13 15:34,1.25,12578,Italy
C541117,21258,VICTORIAN SEWING BOX LARGE,-3,2011/1/13 17:09,10.95,15100,United Kingdom
541118,21894,POTTING SHED SEED ENVELOPES,1,2011/1/13 17:14,1.25,,United Kingdom
541119,21791,VINTAGE HEADS AND TAILS CARD GAME ,12,2011/1/14 8:16,1.25,16493,United Kingdom
541119,21912,VINTAGE SNAKES & LADDERS,4,2011/1/14 8:16,3.75,16493,United Kingdom
541119,22087,PAPER BUNTING WHITE LACE,12,2011/1/14 8:16,2.95,16493,United Kingdom
541119,84378,SET OF 3 HEART COOKIE CUTTERS,12,2011/1/14 8:16,1.25,16493,United Kingdom
541119,21121,SET/10 RED POLKADOT PARTY CANDLES,24,2011/1/14 8:16,1.25,16493,United Kingdom
541119,84988,SET OF 72 PINK HEART PAPER DOILIES,12,2011/1/14 8:16,1.45,16493,United Kingdom
541120,21195,PINK  HONEYCOMB PAPER BALL ,48,2011/1/14 9:13,0.65,12490,France
541120,21880,RED RETROSPOT TAPE,24,2011/1/14 9:13,0.19,12490,France
541253,22470,HEART OF WICKER LARGE,1,2011/1/16 13:51,2.95,17841,United Kingdom
541253,15060B,FAIRY CAKE DESIGN UMBRELLA,1,2011/1/16 13:51,3.75,17841,United Kingdom
541253,22852,DOG BOWL VINTAGE CREAM,1,2011/1/16 13:51,4.25,17841,United Kingdom
C541254,21667,GLASS CAKE COVER AND PLATE,-2,2011/1/16 13:53,14.95,17841,United Kingdom
541255,22862,LOVE HEART NAPKIN BOX ,1,2011/1/16 13:54,4.25,17841,United Kingdom
541256,22188,BLACK HEART CARD HOLDER,2,2011/1/16 14:36,3.95,13048,United Kingdom
541256,22189,CREAM HEART CARD HOLDER,6,2011/1/16 14:36,3.95,13048,United Kingdom
541256,21535,RED RETROSPOT SMALL MILK JUG,3,2011/1/16 14:36,2.55,13048,United Kingdom
541256,22637,PIGGY BANK RETROSPOT ,2,2011/1/16 14:36,2.55,13048,United Kingdom
541256,21531,RED RETROSPOT SUGAR JAM BOWL,2,2011/1/16 14:36,2.55,13048,United Kingdom
541256,22228,BUNNY WOODEN PAINTED WITH BIRD ,12,2011/1/16 14:36,0.85,13048,United Kingdom
541256,22457,NATURAL SLATE HEART CHALKBOARD ,6,2011/1/16 14:36,2.95,13048,United Kingdom
541256,22348,TEA BAG PLATE RED RETROSPOT,6,2011/1/16 14:36,0.85,13048,United Kingdom
541424,20725,LUNCH BAG RED RETROSPOT,1,2011/1/17 17:57,4.13,,United Kingdom
541424,20727,LUNCH BAG  BLACK SKULL.,2,2011/1/17 17:57,4.13,,United Kingdom
541424,20733,GOLD MINI TAPE MEASURE ,2,2011/1/17 17:57,0.83,,United Kingdom
541424,20764,ABSTRACT CIRCLES SKETCHBOOK ,1,2011/1/17 17:57,7.46,,United Kingdom
541424,22163,HEART STRING MEMO HOLDER HANGING,1,2011/1/17 17:57,3.29,,United Kingdom
541425,84755,COLOUR GLASS T-LIGHT HOLDER HANGING,144,2011/1/18 8:43,0.55,15513,United Kingdom
541426,22823,CHEST NATURAL WOOD 20 DRAWERS,4,2011/1/18 8:44,110,18233,United Kingdom
541427,48187,DOORMAT NEW ENGLAND,10,2011/1/18 8:46,6.75,17018,United Kingdom
541427,22690,DOORMAT HOME SWEET HOME BLUE ,10,2011/1/18 8:46,6.75,17018,United Kingdom
541427,21523,DOORMAT FANCY FONT HOME SWEET HOME,10,2011/1/18 8:46,6.75,17018,United Kingdom
541427,22692,DOORMAT WELCOME TO OUR HOME,10,2011/1/18 8:46,6.75,17018,United Kingdom
541427,20685,DOORMAT RED RETROSPOT,10,2011/1/18 8:46,6.75,17018,United Kingdom
541427,48129,DOORMAT TOPIARY,10,2011/1/18 8:46,6.75,17018,United Kingdom
541552,22684,FRENCH BLUE METAL DOOR SIGN 9,2,2011/1/19 11:15,1.25,15039,United Kingdom
541552,22679,FRENCH BLUE METAL DOOR SIGN 4,1,2011/1/19 11:15,1.25,15039,United Kingdom
541552,22683,FRENCH BLUE METAL DOOR SIGN 8,3,2011/1/19 11:15,1.25,15039,United Kingdom
541552,22676,FRENCH BLUE METAL DOOR SIGN 1,1,2011/1/19 11:15,1.25,15039,United Kingdom
541552,22775,PURPLE DRAWERKNOB ACRYLIC EDWARDIAN,2,2011/1/19 11:15,1.25,15039,United Kingdom
541552,21975,PACK OF 60 DINOSAUR CAKE CASES,1,2011/1/19 11:15,0.55,15039,United Kingdom
541552,22267,EASTER DECORATION EGG BUNNY ,1,2011/1/19 11:15,1.25,15039,United Kingdom
541552,84992,72 SWEETHEART FAIRY CAKE CASES,1,2011/1/19 11:15,0.55,15039,United Kingdom
541552,21717,EASTER TIN BUCKET,1,2011/1/19 11:15,2.55,15039,United Kingdom
541684,82001S,VINYL RECORD FRAME SILVER,4,2011/1/20 15:22,3.75,15498,United Kingdom
541684,22041,"RECORD FRAME 7"" SINGLE SIZE ",6,2011/1/20 15:22,2.55,15498,United Kingdom
541684,84406B,CREAM CUPID HEARTS COAT HANGER,9,2011/1/20 15:22,3.25,15498,United Kingdom
541684,22720,SET OF 3 CAKE TINS PANTRY DESIGN ,4,2011/1/20 15:22,4.95,15498,United Kingdom
541684,22721,SET OF 3 CAKE TINS SKETCHBOOK,2,2011/1/20 15:22,4.95,15498,United Kingdom
541684,22131,FOOD CONTAINER SET 3 LOVE HEART ,7,2011/1/20 15:22,1.95,15498,United Kingdom
541684,21272,SALLE DE BAIN HOOK,12,2011/1/20 15:22,1.25,15498,United Kingdom
541684,22961,JAM MAKING SET PRINTED,24,2011/1/20 15:22,1.45,15498,United Kingdom
541684,22740,POLKADOT PEN,48,2011/1/20 15:22,0.85,15498,United Kingdom
541789,72802A,ROSE SCENT CANDLE IN JEWELLED BOX,6,2011/1/21 13:07,3.81,14088,United Kingdom
541789,22847,BREAD BIN DINER STYLE IVORY,6,2011/1/21 13:07,14.95,14088,United Kingdom
541789,22846,BREAD BIN DINER STYLE RED ,11,2011/1/21 13:07,14.95,14088,United Kingdom
541789,21485,RETROSPOT HEART HOT WATER BOTTLE,18,2011/1/21 13:07,4.25,14088,United Kingdom
541789,84032B,CHARLIE + LOLA RED HOT WATER BOTTLE,6,2011/1/21 13:07,2.55,14088,United Kingdom
541789,84032A,CHARLIE+LOLA PINK HOT WATER BOTTLE,18,2011/1/21 13:07,2.55,14088,United Kingdom
541789,21955,DOORMAT UNION JACK GUNS AND ROSES,10,2011/1/21 13:07,6.75,14088,United Kingdom
541789,48138,DOORMAT UNION FLAG,20,2011/1/21 13:07,6.75,14088,United Kingdom
541789,22073,RED RETROSPOT STORAGE JAR,28,2011/1/21 13:07,3.39,14088,United Kingdom
541789,22070,SMALL RED RETROSPOT MUG IN BOX ,6,2011/1/21 13:07,3.39,14088,United Kingdom
541844,20983,12 PENCILS TALL TUBE RED RETROSPOT,1,2011/1/23 12:19,0.85,16931,United Kingdom
541844,20758,ABSTRACT CIRCLES POCKET BOOK,3,2011/1/23 12:19,0.85,16931,United Kingdom
541844,20778,GARDEN PATH NOTEBOOK ,1,2011/1/23 12:19,1.65,16931,United Kingdom
541844,21829,DINOSAUR KEYRINGS ASSORTED,36,2011/1/23 12:19,0.21,16931,United Kingdom
541844,21733,RED HANGING HEART T-LIGHT HOLDER,3,2011/1/23 12:19,2.95,16931,United Kingdom
541844,22804,CANDLEHOLDER PINK HANGING HEART,3,2011/1/23 12:19,2.95,16931,United Kingdom
541844,20832,RED FLOCK LOVE HEART PHOTO FRAME,4,2011/1/23 12:19,0.85,16931,United Kingdom
541844,22555,PLASTERS IN TIN STRONGMAN,2,2011/1/23 12:19,1.65,16931,United Kingdom
541844,22557,PLASTERS IN TIN VINTAGE PAISLEY ,2,2011/1/23 12:19,1.65,16931,United Kingdom
541844,22554,PLASTERS IN TIN WOODLAND ANIMALS,2,2011/1/23 12:19,1.65,16931,United Kingdom
541844,22398,MAGNETS PACK OF 4 SWALLOWS,3,2011/1/23 12:19,1.25,16931,United Kingdom
541987,22740,POLKADOT PEN,48,2011/1/24 16:05,0.85,14130,United Kingdom
541987,21746,SMALL RED RETROSPOT WINDMILL,6,2011/1/24 16:05,1.25,14130,United Kingdom
541987,21749,LARGE RED RETROSPOT WINDMILL,2,2011/1/24 16:05,2.1,14130,United Kingdom
541987,85014B,RED RETROSPOT UMBRELLA,2,2011/1/24 16:05,5.95,14130,United Kingdom
541987,20685,DOORMAT RED RETROSPOT,2,2011/1/24 16:05,7.95,14130,United Kingdom
541987,22148,EASTER CRAFT 4 CHICKS ,3,2011/1/24 16:05,1.95,14130,United Kingdom
541987,22150,3 STRIPEY MICE FELTCRAFT,3,2011/1/24 16:05,1.95,14130,United Kingdom
541988,22383,LUNCH BAG SUKI  DESIGN ,100,2011/1/25 8:03,1.45,15222,United Kingdom
541988,22355,CHARLOTTE BAG SUKI DESIGN,100,2011/1/25 8:03,0.72,15222,United Kingdom
541988,21935,SUKI  SHOULDER BAG,100,2011/1/25 8:03,1.45,15222,United Kingdom
541988,21931,JUMBO STORAGE BAG SUKI,100,2011/1/25 8:03,1.65,15222,United Kingdom
541988,22469,HEART OF WICKER SMALL,40,2011/1/25 8:03,1.45,15222,United Kingdom
541989,47566,PARTY BUNTING,5,2011/1/25 8:21,4.65,13615,United Kingdom
541989,22469,HEART OF WICKER SMALL,12,2011/1/25 8:21,1.65,13615,United Kingdom
541989,22457,NATURAL SLATE HEART CHALKBOARD ,6,2011/1/25 8:21,2.95,13615,United Kingdom
542266,22912,YELLOW COAT RACK PARIS FASHION,2,2011/1/26 17:37,4.95,16918,United Kingdom
542266,22165,"DIAMANTE HEART SHAPED WALL MIRROR, ",2,2011/1/26 17:37,12.75,16918,United Kingdom
542266,22167, OVAL WALL MIRROR DIAMANTE ,1,2011/1/26 17:37,9.95,16918,United Kingdom
542266,22652,TRAVEL SEWING KIT,4,2011/1/26 17:37,1.65,16918,United Kingdom
542266,22654,DELUXE SEWING KIT ,3,2011/1/26 17:37,5.95,16918,United Kingdom
542266,22722,SET OF 6 SPICE TINS PANTRY DESIGN,2,2011/1/26 17:37,3.95,16918,United Kingdom
542267,22222,CAKE PLATE LOVEBIRD WHITE,2,2011/1/26 17:43,4.95,16882,United Kingdom
542268,22563,HAPPY STENCIL CRAFT,12,2011/1/27 8:30,1.25,15358,United Kingdom
542268,85124B,BLUE JUICY FRUIT PHOTO FRAME,6,2011/1/27 8:30,2.55,15358,United Kingdom
542268,85124C,GREEN JUICY FRUIT PHOTO FRAME,6,2011/1/27 8:30,2.55,15358,United Kingdom
542268,22568,FELTCRAFT CUSHION OWL,4,2011/1/27 8:30,3.75,15358,United Kingdom
542268,20972,PINK CREAM FELT CRAFT TRINKET BOX ,12,2011/1/27 8:30,1.25,15358,United Kingdom
542268,20971,PINK BLUE FELT CRAFT TRINKET BOX,12,2011/1/27 8:30,1.25,15358,United Kingdom
542268,22777,GLASS CLOCHE LARGE,2,2011/1/27 8:30,8.5,15358,United Kingdom
542268,22778,GLASS CLOCHE SMALL,4,2011/1/27 8:30,3.95,15358,United Kingdom
542268,22435,SET OF 9 HEART SHAPED BALLOONS,12,2011/1/27 8:30,1.25,15358,United Kingdom
542268,22423,REGENCY CAKESTAND 3 TIER,1,2011/1/27 8:30,12.75,15358,United Kingdom
542268,22502,PICNIC BASKET WICKER SMALL,4,2011/1/27 8:30,5.95,15358,United Kingdom
542268,22501,PICNIC BASKET WICKER LARGE,2,2011/1/27 8:30,9.95,15358,United Kingdom
542590,22960,JAM MAKING SET WITH JARS,2,2011/1/28 16:18,4.25,17920,United Kingdom
542590,22777,GLASS CLOCHE LARGE,1,2011/1/28 16:18,8.5,17920,United Kingdom
542590,79000,MOROCCAN TEA GLASS,24,2011/1/28 16:18,0.85,17920,United Kingdom
542590,22626,BLACK KITCHEN SCALES,1,2011/1/28 16:18,8.5,17920,United Kingdom
542590,22969,HOMEMADE JAM SCENTED CANDLES,12,2011/1/28 16:18,1.45,17920,United Kingdom
542590,21034,REX CASH+CARRY JUMBO SHOPPER,2,2011/1/28 16:18,0.95,17920,United Kingdom
542591,84078A,SET/4 WHITE RETRO STORAGE CUBES ,3,2011/1/28 16:42,39.95,13089,United Kingdom
C542593,22073,RED RETROSPOT STORAGE JAR,-10,2011/1/28 16:50,3.75,15549,United Kingdom
542594,22435,SET OF 9 HEART SHAPED BALLOONS,1,2011/1/28 17:24,1.25,,United Kingdom
542595,22856,ASSORTED EASTER DECORATIONS  BELLS,6,2011/1/30 10:19,1.25,14040,United Kingdom
542595,48194,DOORMAT HEARTS,1,2011/1/30 10:19,7.95,14040,United Kingdom
542595,20685,DOORMAT RED RETROSPOT,2,2011/1/30 10:19,7.95,14040,United Kingdom
542595,48188,DOORMAT WELCOME PUPPIES,1,2011/1/30 10:19,7.95,14040,United Kingdom
542595,21955,DOORMAT UNION JACK GUNS AND ROSES,1,2011/1/30 10:19,7.95,14040,United Kingdom
542595,48129,DOORMAT TOPIARY,1,2011/1/30 10:19,7.95,14040,United Kingdom
542595,21259,VICTORIAN SEWING BOX SMALL ,3,2011/1/30 10:19,5.95,14040,United Kingdom
542595,84406B,CREAM CUPID HEARTS COAT HANGER,1,2011/1/30 10:19,3.25,14040,United Kingdom
542595,85160B,BLACK BIRD GARDEN DESIGN MUG,6,2011/1/30 10:19,1.25,14040,United Kingdom
542595,22720,SET OF 3 CAKE TINS PANTRY DESIGN ,1,2011/1/30 10:19,4.95,14040,United Kingdom
542664,84968C,SET OF 16 VINTAGE PISTACHIO CUTLERY,1,2011/1/31 12:14,24.96,,United Kingdom
542647,23230,WRAP ALPHABET DESIGN,25,2011/1/31 11:46,0.42,18245,United Kingdom
542647,22047,EMPIRE GIFT WRAP,25,2011/1/31 11:46,0.42,18245,United Kingdom
542648,22847,BREAD BIN DINER STYLE IVORY,4,2011/1/31 11:46,14.95,12476,Germany
542664,85194S,HANGING SPRING FLOWER EGG SMALL,3,2011/1/31 12:14,1.63,,United Kingdom
542664,DOT,DOTCOM POSTAGE,1,2011/1/31 12:14,157.76,,United Kingdom
542664,21506,"FANCY FONT BIRTHDAY CARD, ",3,2011/1/31 12:14,0.83,,United Kingdom
542667,20712,JUMBO BAG WOODLAND ANIMALS,10,2011/1/31 12:16,1.95,17068,United Kingdom
542667,85099F,JUMBO BAG STRAWBERRY,10,2011/1/31 12:16,1.95,17068,United Kingdom
542673,22282,12 EGG HOUSE PAINTED WOOD,1,2011/1/31 12:18,12.75,14527,United Kingdom
542673,22283,6 EGG HOUSE PAINTED WOOD,1,2011/1/31 12:18,7.95,14527,United Kingdom
542678,21900,"KEY FOB , SHED",15,2011/1/31 12:21,0.65,14688,United Kingdom
542678,21911,GARDEN METAL SIGN ,2,2011/1/31 12:21,1.65,14688,United Kingdom
542708,22931,BAKING MOULD HEART WHITE CHOCOLATE,12,2011/1/31 13:07,2.55,17621,United Kingdom
542709,22623,BOX OF VINTAGE JIGSAW BLOCKS ,6,2011/1/31 13:17,4.95,15144,United Kingdom
542709,21891,TRADITIONAL WOODEN SKIPPING ROPE,12,2011/1/31 13:17,1.25,15144,United Kingdom
542711,22554,PLASTERS IN TIN WOODLAND ANIMALS,1,2011/1/31 13:19,1.65,17894,United Kingdom
542713,22646,CERAMIC STRAWBERRY CAKE MONEY BANK,12,2011/1/31 13:27,1.45,12668,Germany
542713,22204,MILK PAN BLUE POLKADOT,4,2011/1/31 13:27,3.75,12668,Germany
542715,22382,LUNCH BAG SPACEBOY DESIGN ,10,2011/1/31 13:39,1.65,16403,United Kingdom
542717,22297,HEART IVORY TRELLIS SMALL,1,2011/1/31 14:07,1.25,17580,United Kingdom
542719,85194S,HANGING SPRING FLOWER EGG SMALL,1,2011/1/31 14:18,0.65,17619,United Kingdom
542720,22421,LIPSTICK PEN FUSCHIA,12,2011/1/31 14:35,0.42,12778,Netherlands
542724,21041,RED RETROSPOT OVEN GLOVE DOUBLE,6,2011/1/31 14:59,2.95,16779,United Kingdom
542708,22931,BAKING MOULD HEART WHITE CHOCOLATE,12,2011/1/31 13:07,2.55,17621,United Kingdom
542709,22623,BOX OF VINTAGE JIGSAW BLOCKS ,6,2011/1/31 13:17,4.95,15144,United Kingdom
542709,21891,TRADITIONAL WOODEN SKIPPING ROPE,12,2011/1/31 13:17,1.25,15144,United Kingdom
542711,22554,PLASTERS IN TIN WOODLAND ANIMALS,1,2011/1/31 13:19,1.65,17894,United Kingdom
542713,22646,CERAMIC STRAWBERRY CAKE MONEY BANK,12,2011/1/31 13:27,1.45,12668,Germany
542713,22204,MILK PAN BLUE POLKADOT,4,2011/1/31 13:27,3.75,12668,Germany
542715,22382,LUNCH BAG SPACEBOY DESIGN ,10,2011/1/31 13:39,1.65,16403,United Kingdom
542717,22297,HEART IVORY TRELLIS SMALL,1,2011/1/31 14:07,1.25,17580,United Kingdom
542720,22421,LIPSTICK PEN FUSCHIA,12,2011/1/31 14:35,0.42,12778,Netherlands
542724,21041,RED RETROSPOT OVEN GLOVE DOUBLE,6,2011/1/31 14:59,2.95,16779,United Kingdom
542735,22452,MEASURING TAPE BABUSHKA PINK,6,2011/1/31 15:36,2.95,12681,France
C542734,22169,FAMILY ALBUM WHITE PICTURE FRAME,-2,2011/1/31 15:36,8.5,14442,Channel Islands
542737,22496,SET OF 2 ROUND TINS DUTCH CHEESE,1,2011/1/31 15:52,2.95,15058,United Kingdom
542741,21059,PARTY INVITES DINOSAURS,6,2011/1/31 16:02,0.85,17375,United Kingdom
542777,85039A,SET/4 RED MINI ROSE CANDLE IN BOWL,12,2011/2/1 8:31,1.65,14911,EIRE
542777,21733,RED HANGING HEART T-LIGHT HOLDER,12,2011/2/1 8:31,2.95,14911,EIRE
542780,22294,HEART FILIGREE DOVE  SMALL,24,2011/2/1 9:38,1.25,17675,United Kingdom
